{"stats":{"minecraft:picked_up":{"minecraft:crafting_table":2,"minecraft:wheat":12,"minecraft:azure_bluet":1,"minecraft:chicken":1,"minecraft:wooden_pickaxe":1,"minecraft:stone_brick_stairs":1,"minecraft:string":24,"minecraft:bucket":1,"minecraft:spruce_planks":2,"minecraft:spruce_slab":2,"minecraft:poppy":4,"minecraft:chest":7,"minecraft:spruce_trapdoor":1,"minecraft:stick":1,"minecraft:raw_iron":4,"minecraft:sandstone":2,"minecraft:composter":2,"minecraft:oak_fence":55,"minecraft:torch":4,"minecraft:porkchop":2,"tombstone:grave_dust":1,"minecraft:diorite":2,"minecraft:carrot":162,"minecraft:rotten_flesh":3,"minecraft:arrow":2,"minecraft:stone_shovel":1,"minecraft:beetroot_seeds":1,"minecraft:hay_block":10,"minecraft:red_tulip":3,"minecraft:cobblestone":59,"minecraft:bone_block":2,"minecraft:oxeye_daisy":2,"minecraft:mossy_cobblestone_slab":1,"minecraft:tripwire_hook":2,"minecraft:water_bucket":1,"minecraft:potato":237,"minecraft:oak_log":80,"minecraft:yellow_bed":2,"minecraft:dirt":616,"demogorgon:blighted_log":1,"demogorgon:blighted_trapdoor":5,"minecraft:bone":1,"minecraft:apple":1,"minecraft:wheat_seeds":73,"minecraft:orange_tulip":3,"minecraft:bell":1,"minecraft:iron_ingot":11,"minecraft:oak_planks":62,"minecraft:book":1,"minecraft:milk_bucket":1,"minecraft:black_candle":4,"minecraft:dandelion":4,"minecraft:poisonous_potato":1,"minecraft:sand":4,"minecraft:spruce_log":15,"demogorgon:blighted_stairs":1,"demogorgon:blighted_flesh":2,"minecraft:granite":23,"minecraft:bread":9,"minecraft:oak_sapling":1,"minecraft:coal":8},"minecraft:used":{"minecraft:oak_fence":24,"minecraft:spruce_slab":2,"minecraft:stone_shovel":601,"minecraft:chest":7,"minecraft:spruce_planks":8,"minecraft:stone_hoe":140,"minecraft:torch":21,"minecraft:dirt":620,"minecraft:carrot":70,"minecraft:granite":18,"minecraft:milk_bucket":3,"minecraft:obsidian":1,"minecraft:wooden_axe":134,"minecraft:tripwire_hook":1,"minecraft:furnace":1,"tombstone:gift":2,"minecraft:potato":179,"minecraft:wheat_seeds":12,"minecraft:water_bucket":126,"minecraft:stone_pickaxe":95,"minecraft:baked_potato":16,"minecraft:oak_planks":274,"demogorgon:blighted_trapdoor":1,"minecraft:wooden_pickaxe":12,"minecraft:sandstone":2,"minecraft:composter":3,"minecraft:sand":3,"minecraft:crafting_table":5,"minecraft:spruce_log":5,"minecraft:oxeye_daisy":2,"minecraft:chicken":2,"minecraft:bread":21,"minecraft:string":13,"demogorgon:blighted_stairs":1,"minecraft:stone_axe":310,"minecraft:porkchop":1,"minecraft:bucket":127,"minecraft:yellow_bed":2,"minecraft:bone_meal":36},"minecraft:custom":{"minecraft:mob_kills":12,"minecraft:interact_with_crafting_table":37,"minecraft:bell_ring":40,"minecraft:leave_game":2,"minecraft:time_since_death":23966,"minecraft:sprint_one_cm":548606,"minecraft:walk_one_cm":750629,"minecraft:drop":49,"minecraft:play_time":233759,"minecraft:sneak_time":25790,"minecraft:deaths":10,"minecraft:walk_under_water_one_cm":46380,"minecraft:jump":2483,"minecraft:walk_on_water_one_cm":185324,"minecraft:total_world_time":233759,"minecraft:interact_with_furnace":7,"minecraft:sleep_in_bed":12,"minecraft:time_since_rest":7450,"minecraft:damage_taken":3321,"tombstone:sneak_grave":1,"minecraft:damage_dealt":4363,"minecraft:swim_one_cm":49949,"minecraft:fly_one_cm":315530,"minecraft:open_chest":26,"minecraft:crouch_one_cm":84680,"tombstone:undead_killed":5,"minecraft:fall_one_cm":41304},"minecraft:broken":{"minecraft:stone_hoe":1,"minecraft:stone_axe":2,"minecraft:wooden_axe":1,"minecraft:stone_shovel":4},"minecraft:killed":{"minecraft:spider":1,"demogorgon:demogorgon":2,"minecraft:chicken":1,"minecraft:drowned":1,"minecraft:pig":2,"minecraft:zombie":2,"john_mod_reborn:feral_baby_john_1":1},"minecraft:crafted":{"minecraft:oak_planks":256,"minecraft:stone_shovel":5,"minecraft:furnace":1,"minecraft:bone_meal":36,"minecraft:spruce_slab":6,"minecraft:stone_pickaxe":1,"minecraft:stone_hoe":1,"minecraft:oak_fence":3,"minecraft:wheat":45,"minecraft:wooden_shovel":1,"minecraft:crafting_table":3,"minecraft:spruce_planks":40,"minecraft:baked_potato":58,"minecraft:wooden_pickaxe":2,"minecraft:bucket":3,"minecraft:stone_axe":2,"minecraft:bread":17,"minecraft:air":0,"minecraft:spruce_trapdoor":2,"minecraft:stick":48,"minecraft:iron_ingot":3,"minecraft:wooden_axe":4,"minecraft:torch":32,"tombstone:bone_needle":1},"minecraft:dropped":{"minecraft:water_bucket":1,"minecraft:golden_boots":1,"minecraft:bread":9,"minecraft:wheat_seeds":33,"minecraft:oak_log":10,"minecraft:orange_tulip":1,"minecraft:oak_fence":21,"minecraft:cobblestone":8,"minecraft:dirt":1,"minecraft:milk_bucket":1,"minecraft:wooden_axe":2,"demogorgon:blighted_trapdoor":4,"minecraft:string":15,"minecraft:tripwire_hook":1,"minecraft:bucket":1,"minecraft:stone_shovel":1,"minecraft:oak_planks":12,"minecraft:carrot":48,"minecraft:hay_block":5,"demogorgon:blighted_flesh":1,"minecraft:spruce_trapdoor":2,"minecraft:wooden_shovel":1,"minecraft:wooden_pickaxe":3,"minecraft:red_tulip":3,"minecraft:bell":1},"minecraft:mined":{"minecraft:spruce_planks":1,"minecraft:farmland":59,"minecraft:mossy_cobblestone":2,"demogorgon:blighted_log_hyphae":1,"demogorgon:blighted_planks":4,"minecraft:spruce_trapdoor":2,"minecraft:granite":14,"minecraft:grass_block":243,"minecraft:spruce_leaves":4,"minecraft:moss_block":2,"minecraft:composter":2,"minecraft:oxeye_daisy":2,"minecraft:sandstone":2,"minecraft:hay_block":7,"minecraft:mossy_cobblestone_slab":1,"minecraft:carrots":45,"demogorgon:blighted_stairs":2,"minecraft:iron_ore":2,"minecraft:azure_bluet":1,"minecraft:mossy_stone_brick_stairs":2,"minecraft:potatoes":73,"minecraft:dirt_path":10,"minecraft:black_candle":1,"demogorgon:blighted_log":5,"minecraft:stone":8,"demogorgon:blighted_trapdoor":1,"minecraft:tripwire":4,"minecraft:dandelion":4,"minecraft:oak_fence":46,"minecraft:crafting_table":2,"minecraft:torch":1,"minecraft:poppy":1,"minecraft:chest":7,"minecraft:tall_grass":10,"minecraft:cobblestone":42,"minecraft:sugar_cane":1,"minecraft:oak_planks":54,"minecraft:wheat":44,"minecraft:spruce_log":16,"minecraft:orange_tulip":2,"minecraft:yellow_bed":2,"minecraft:stone_brick_stairs":1,"minecraft:grass":60,"minecraft:oak_log":83,"minecraft:coal_ore":16,"minecraft:beetroots":1,"minecraft:oak_fence_gate":1,"minecraft:sand":4,"minecraft:dirt":379,"graveyard:small_cyan_urn":1,"minecraft:tripwire_hook":1,"minecraft:stone_bricks":1,"minecraft:mossy_stone_bricks":2,"minecraft:oak_leaves":3},"minecraft:killed_by":{"sanitydim:rotting_stalker":1,"sanitydim:sneaking_terror":2}},"DataVersion":3465}