{"stats":{"minecraft:picked_up":{"minecraft:crafting_table":3,"john_mod_reborn:immortalitygem":1,"minecraft:string":176,"minecraft:cobbled_deepslate":5,"demogorgon:blighted_planks":5,"minecraft:beef":6,"minecraft:poppy":6,"minecraft:sugar_cane":6,"minecraft:spruce_trapdoor":5,"minecraft:stick":6,"minecraft:composter":3,"minecraft:oak_fence":10,"minecraft:torch":6,"minecraft:porkchop":3,"tombstone:grave_dust":1,"minecraft:diorite":7,"minecraft:carrot":46,"minecraft:arrow":2,"minecraft:beetroot_seeds":3,"minecraft:shears":2,"demogorgon:blighted_log_hyphae":1,"minecraft:hay_block":7,"minecraft:cobblestone":158,"minecraft:tripwire_hook":3,"minecraft:water_bucket":1,"minecraft:andesite":19,"minecraft:leather":3,"minecraft:potato":7,"minecraft:oak_log":36,"minecraft:golden_boots":1,"minecraft:yellow_bed":10,"minecraft:gunpowder":1,"minecraft:dirt":501,"demogorgon:blighted_log":10,"demogorgon:blighted_trapdoor":8,"minecraft:bone":1,"minecraft:stonecutter":1,"minecraft:orange_tulip":1,"minecraft:wheat_seeds":41,"minecraft:bell":2,"minecraft:oak_fence_gate":1,"minecraft:iron_ingot":11,"minecraft:oak_planks":74,"minecraft:milk_bucket":1,"minecraft:dandelion":1,"minecraft:spruce_sapling":1,"minecraft:white_bed":9,"minecraft:spruce_log":7,"demogorgon:blighted_stairs":5,"minecraft:mossy_cobblestone":19,"demogorgon:blighted_fence":2,"demogorgon:blighted_flesh":2,"minecraft:lever":7,"minecraft:granite":11,"minecraft:bread":9,"minecraft:oak_button":2,"minecraft:oak_sapling":3,"minecraft:coal":13,"minecraft:ender_pearl":1},"minecraft:used":{"minecraft:oak_trapdoor":2,"minecraft:stone_shovel":398,"minecraft:chest":1,"minecraft:spruce_planks":8,"minecraft:bell":2,"minecraft:torch":2,"minecraft:dirt":507,"minecraft:carrot":20,"minecraft:granite":5,"minecraft:milk_bucket":1,"minecraft:wooden_axe":1,"minecraft:tripwire_hook":5,"minecraft:furnace":3,"tombstone:gift":2,"minecraft:water_bucket":127,"minecraft:diorite":4,"minecraft:stone_pickaxe":170,"minecraft:oak_planks":103,"demogorgon:blighted_trapdoor":16,"minecraft:wooden_pickaxe":8,"demogorgon:blighted_planks":3,"minecraft:mossy_cobblestone":19,"minecraft:crafting_table":10,"minecraft:white_bed":9,"minecraft:shears":115,"minecraft:lever":8,"minecraft:bread":31,"minecraft:string":170,"minecraft:oak_button":1,"minecraft:spruce_trapdoor":6,"demogorgon:blighted_stairs":14,"minecraft:stone_axe":371,"minecraft:cobblestone":118,"minecraft:andesite":12,"minecraft:bucket":127,"minecraft:yellow_bed":10},"minecraft:custom":{"minecraft:mob_kills":13,"minecraft:interact_with_crafting_table":20,"minecraft:leave_game":2,"minecraft:time_since_death":607,"minecraft:sprint_one_cm":568651,"minecraft:walk_one_cm":707159,"minecraft:drop":18,"minecraft:talked_to_villager":2,"minecraft:play_time":234545,"minecraft:deaths":11,"minecraft:sneak_time":6234,"minecraft:walk_under_water_one_cm":81767,"minecraft:jump":3206,"minecraft:walk_on_water_one_cm":222577,"minecraft:total_world_time":234545,"minecraft:sleep_in_bed":11,"minecraft:time_since_rest":75,"minecraft:damage_taken":11456,"minecraft:damage_dealt":6117,"minecraft:swim_one_cm":64818,"minecraft:fly_one_cm":470248,"minecraft:open_chest":14,"minecraft:crouch_one_cm":17885,"tombstone:villager_killed":1,"minecraft:fall_one_cm":71455},"minecraft:broken":{"minecraft:golden_boots":1,"minecraft:stone_pickaxe":1,"minecraft:stone_axe":1,"minecraft:stone_shovel":3},"minecraft:killed":{"john_mod_reborn:john":1,"john_mod_reborn:hugging_john":1,"minecraft:pig":2,"minecraft:iron_golem":2,"minecraft:creeper":2,"minecraft:villager":1,"minecraft:cow":3},"minecraft:crafted":{"minecraft:oak_planks":132,"minecraft:stone_shovel":3,"minecraft:tripwire_hook":2,"demogorgon:blighted_planks":44,"minecraft:furnace":3,"demogorgon:blighted_trapdoor":10,"minecraft:lever":1,"minecraft:oak_trapdoor":2,"demogorgon:blighted_stairs":8,"minecraft:stone_pickaxe":2,"minecraft:chest":1,"minecraft:oak_button":35,"minecraft:wheat":63,"minecraft:crafting_table":7,"minecraft:spruce_planks":28,"minecraft:wooden_pickaxe":1,"minecraft:stone_axe":2,"minecraft:bread":21,"minecraft:spruce_trapdoor":2,"minecraft:stick":16,"minecraft:wooden_axe":1,"minecraft:shears":1},"minecraft:dropped":{"minecraft:wheat_seeds":2,"minecraft:mossy_cobblestone":1,"minecraft:milk_bucket":1,"minecraft:wooden_axe":1,"tombstone:grave_dust":1,"demogorgon:blighted_trapdoor":2,"minecraft:string":1,"minecraft:dandelion":1,"minecraft:stone_axe":1,"minecraft:shears":2,"minecraft:carrot":14,"minecraft:oak_fence_gate":1,"minecraft:oak_button":1,"minecraft:oak_sapling":3,"minecraft:wooden_pickaxe":1},"minecraft:mined":{"demogorgon:blighted_fence":2,"minecraft:spruce_planks":1,"minecraft:white_bed":9,"minecraft:mossy_cobblestone":18,"demogorgon:blighted_log_hyphae":1,"demogorgon:blighted_planks":2,"minecraft:spruce_trapdoor":2,"minecraft:lever":6,"minecraft:granite":7,"minecraft:grass_block":192,"minecraft:spruce_leaves":1,"minecraft:composter":3,"minecraft:hay_block":5,"minecraft:mossy_cobblestone_slab":1,"minecraft:carrots":17,"graveyard:tg_moss_block":1,"demogorgon:blighted_stairs":2,"minecraft:andesite":7,"minecraft:bell":1,"minecraft:potatoes":5,"minecraft:dirt_path":18,"demogorgon:blighted_log":6,"minecraft:stone":11,"minecraft:spruce_slab":2,"demogorgon:blighted_trapdoor":3,"minecraft:tripwire":124,"minecraft:basalt":1,"minecraft:dandelion":1,"minecraft:oak_fence":1,"minecraft:crafting_table":3,"minecraft:tall_grass":2,"minecraft:cobblestone":74,"minecraft:sugar_cane":2,"minecraft:oak_planks":42,"minecraft:diorite":3,"minecraft:wheat":30,"minecraft:spruce_log":6,"minecraft:yellow_bed":10,"minecraft:grass":138,"minecraft:oak_log":26,"minecraft:coal_ore":6,"minecraft:beetroots":4,"minecraft:dirt":272,"minecraft:tripwire_hook":1,"minecraft:stonecutter":1,"minecraft:oak_leaves":22},"minecraft:killed_by":{"sanitydim:rotting_stalker":1,"sanitydim:sneaking_terror":1}},"DataVersion":3465}